metric,q1,q3,iqr,lower_fence,upper_fence,outlier_count,outlier_pct
new_subscribers,186.75,253.0,66.25,87.38,352.38,0,0.0
churned_subscribers,44.0,134.0,90.0,-91.0,269.0,0,0.0
active_subscribers,1925.25,3675.25,1750.0,-699.75,6300.25,1,0.21
arpu_usd,50.75,208.07,157.32,-185.24,444.06,6,1.25
mrr_usd,100627.39,552297.13,451669.74,-576877.22,1229801.74,57,11.88
net_revenue_retention,1.04,1.1,0.06,0.94,1.2,0,0.0
marketing_spend_usd,40671.99,49417.47,8745.48,27553.78,62535.69,0,0.0
support_tickets,13.0,35.0,22.0,-20.0,68.0,1,0.21
nps_score,24.05,35.82,11.77,6.39,53.49,1,0.21
