,count,mean,std,min,5%,25%,50%,75%,95%,max,median,skew
new_subscribers,480.0,222.65,47.21,105.0,155.0,186.75,219.0,253.0,310.0,344.0,219.0,0.36
churned_subscribers,480.0,90.74,53.39,0.0,12.95,44.0,89.0,134.0,180.0,219.0,89.0,0.2
active_subscribers,480.0,2827.86,1253.53,173.0,855.1,1925.25,2784.0,3675.25,4979.1,6515.0,2784.0,0.22
arpu_usd,480.0,161.98,154.19,26.16,28.65,50.75,96.78,208.08,434.41,448.48,96.78,0.96
mrr_usd,480.0,468138.25,581876.35,28114.03,57201.02,100627.39,224287.52,552297.13,1882070.34,2903947.75,224287.52,2.02
net_revenue_retention,480.0,1.07,0.04,0.98,1.0,1.04,1.07,1.1,1.14,1.16,1.07,0.1
marketing_spend_usd,480.0,45002.44,5760.94,33558.84,35839.37,40671.99,45616.95,49417.47,53694.65,58768.38,45616.95,0.04
support_tickets,480.0,24.66,15.45,0.0,0.0,13.0,24.0,35.0,53.05,70.0,24.0,0.37
nps_score,480.0,30.1,8.73,9.2,15.6,24.05,29.95,35.82,44.7,55.2,29.95,0.15
